IF OBJECT_ID('[seq_order_id]') IS NOT NULL DROP SEQUENCE [seq_order_id];
CREATE SEQUENCE seq_order_id AS int
START WITH 0
INCREMENT BY 1
MINVALUE -2147483648
MAXVALUE 2147483647
CACHE;

IF OBJECT_ID('[oauth_client_details]') IS NOT NULL DROP TABLE [oauth_client_details];

CREATE TABLE [oauth_client_details] (
    client_id varchar(256) NOT NULL,
    resource_ids varchar(256) NULL,
    client_secret varchar(256) NULL,
    [scope] varchar(256) NULL,
    authorized_grant_types varchar(256) NULL,
    web_server_redirect_uri varchar(256) NULL,
    authorities varchar(256) NULL,
    access_token_validity int NULL,
    refresh_token_validity int NULL,
    additional_information varchar(4096) NULL,
    autoapprove varchar(256) NULL,
    PRIMARY KEY (client_id)
);

INSERT INTO oauth_client_details (client_id,resource_ids,client_secret,[scope],authorized_grant_types,web_server_redirect_uri,authorities,access_token_validity,refresh_token_validity,additional_information,autoapprove) VALUES
('HNS-SHOP',NULL,'pass','read,write','password,refresh_token',NULL,NULL,3000,6000,NULL,'false');

INSERT INTO account (account_id,password,is_expired,is_locked,is_use,reg_date,reg_person,last_mod_date,last_mod_person) VALUES
 ('1006','1234',0,0,1,getdate(),'sysadmin',getdate(),'sysadmin')
,('9000','1234',0,0,1,getdate(),'sysadmin',getdate(),'sysadmin')
,('9001','1234',0,0,0,getdate(),'sysadmin',getdate(),'sysadmin');

INSERT INTO account_authority (account_id,auth_cd,reg_date,reg_person,last_mod_date,last_mod_person) VALUES
 ('1006','ADMIN',getdate(),'sysadmin',getdate(),'sysadmin')
,('1006','USER',getdate(),'sysadmin',getdate(),'sysadmin')
,('9000','ADMIN',getdate(),'sysadmin',getdate(),'sysadmin')
,('9000','USER',getdate(),'sysadmin',getdate(),'sysadmin')
,('9001','USER',getdate(),'sysadmin',getdate(),'sysadmin');

INSERT INTO authority (auth_cd,auth_desc,reg_date,reg_person,last_mod_date,last_mod_person) VALUES
 ('ADMIN','ADMIN',getdate(),'sysadmin',getdate(),'sysadmin')
,('USER','USER',getdate(),'sysadmin',getdate(),'sysadmin');

INSERT INTO item (item_id,store_id,upc,item_kr_nm,item_en_nm,receiving_price,regular_price,category_cd,category_store_id,item_tax_cd,item_deposit_cd,item_eco_cd,item_size,sale_unit,promotion_bundle_qty,promotion_start_date,promotion_end_date,promotion_price,gal_code,prod_own_code,supp_code,prod_id,item_type,item_type2,is_use,reg_date,reg_person,last_mod_date,last_mod_person) VALUES
 ('DK0101004135KR0101001','st002','11121','이천쌀 햅쌀','RHEE CHUN RICE NEW CROP',33.00,49.99,'L20201','st002','N',NULL,NULL,'40LB','EA',1,'2020-05-09 00:00:00.000','2025-12-31 00:00:00.000',38.99,'DK0101004','135','KR0101001','11121','07','07',1,'2020-05-28 23:44:33.330','sysadmin','2020-05-28 23:44:33.330','sysadmin')
,('DK0106370007KR0101001','st002','2011','한국미 현미','BROWN RICE',12.50,27.99,'L20201','st002','N',NULL,NULL,'15LB','PK',1,'2020-05-21 00:00:00.000','2025-12-31 00:00:00.000',19.99,'DK0106370','007','KR0101001','2011','07','07',1,'2020-05-28 23:44:33.330','sysadmin','2020-05-28 23:44:33.330','sysadmin')
,('DK0101114027KR0101001','st002','4134','선물용 후지사과 박스','FUJI APPLES GIFT BOX',1.27,29.99,'L23501','st002','N',NULL,NULL,'','BOX',1,'2019-12-16 00:00:00.000','2020-06-25 00:00:00.000',19.99,'DK0101114','027','KR0101001','4134','19','19',1,'2020-05-28 23:44:33.330','sysadmin','2020-05-28 23:44:33.330','sysadmin')
,('DK0101151015KR0101001','st002','44082','신고배 박스','ASIAN PEAR BOX',0.00,29.99,'L23502','st002','N',NULL,NULL,'','BOX',1,'2020-04-30 00:00:00.000','2023-04-30 00:00:00.000',19.99,'DK0101151','015','KR0101001','44082','19','19',1,'2020-05-28 23:44:33.330','sysadmin','2020-05-28 23:44:33.330','sysadmin')
,('DK0101151051KR0101001','st002','444081','한국산김제신고배 8과','KOREAN SINGO PEAR 8UNIT',22.50,29.99,'L23502','st002','N',NULL,NULL,'','BOX',1,'2018-04-01 00:00:00.000','2018-04-30 00:00:00.000',24.99,'DK0101151','051','KR0101001','444081','19','19',0,'2020-05-28 23:44:33.330','sysadmin','2020-05-28 23:44:33.330','sysadmin')
,('DK0101226015KR0101001','st002','78415','선물용 고구마 박스','SWEET POTATO BOX',23.00,29.99,'L23505','st002','N',NULL,NULL,'10LB','BOX',1,'2020-05-01 00:00:00.000','2020-06-30 00:00:00.000',22.99,'DK0101226','015','KR0101001','78415','18','18',1,'2020-05-28 23:44:33.330','sysadmin','2020-05-28 23:44:33.330','sysadmin')
,('DK0101208014KR0101001','st002','1189','딤채 DOEA-184DNG ','DIMCHAE ',1250.00,1799.00,'L22701','st002','B',NULL,NULL,'180L','EA',1,'2018-09-14 00:00:00.000','2018-09-20 00:00:00.000',1299.00,'DK0101208','014','KR0101001','1189','36','36',0,'2020-05-28 23:44:33.330','sysadmin','2020-05-28 23:44:33.330','sysadmin')
,('DK0101208022KR0101001','st002','3199','딤채 스탠딩고저스DEPA424TJS(418L)','DIMCHAE STANDING DEPA424TJS',3350.00,3699.00,'L22701','st002','G',NULL,NULL,'418L','EA',1,'2017-01-20 00:00:00.000','2017-01-31 00:00:00.000',3399.00,'DK0101208','022','KR0101001','3199','36','36',1,'2020-05-28 23:44:33.330','sysadmin','2020-05-28 23:44:33.330','sysadmin')
,('DK01081058KR0101001','st002','8806151441363','딤채쿡 A060USDSH','IH PRESSURE RICE COOKER',479.00,599.00,'L22701','st002','B',NULL,'101','6CUPS','EA',1,'2017-04-19 00:00:00.000','2018-12-31 00:00:00.000',499.00,'DK0108','1058','KR0101001','8806151441363','36','36',1,'2020-05-28 23:44:33.330','sysadmin','2020-05-28 23:44:33.330','sysadmin')
,('DK01081097KR0101001','st002','8809469880770','쿠첸 IR명품철정미작 10컵','DIGITAL PRESSURE COOKER',580.00,849.00,'L22704',NULL,'B',NULL,'101','CJH-PH1000RCWUS','EA',1,'2020-04-30 00:00:00.000','2020-05-14 00:00:00.000',599.00,'DK0108','1097','KR0101001','8809469880770','36','36',1,'2020-05-28 23:44:33.330','sysadmin','2020-05-28 23:44:33.330','sysadmin')
,('DK01081098KR0101001','st002','8809469880756','쿠첸 IR명품철정미작 6컵','DIGITAL PRESSURE COOKER',550.00,799.00,'L22704',NULL,'B',NULL,'101','CJH-PH0610RCWUS','EA',1,'2020-04-30 00:00:00.000','2020-05-14 00:00:00.000',549.00,'DK0108','1098','KR0101001','8809469880756','36','36',1,'2020-05-28 23:44:33.330','sysadmin','2020-05-28 23:44:33.330','sysadmin')
,('DK0105771031KR0101001','st002','8809160439932','크린터치 비데','CLEAN TOUCH BIDET',330.00,699.00,'L22710','st002','B',NULL,NULL,'ELONGATED','EA',1,'2015-09-25 00:00:00.000','2020-12-31 00:00:00.000',449.00,'DK0105771','031','KR0101001','8809160439932','36','36',1,'2020-05-28 23:44:33.330','sysadmin','2020-05-28 23:44:33.330','sysadmin')
,('DK0101956001KR0101001','st002','031146850105','농심 육개장 사발면 박스','BOWL NOODLE SOUP HOT & SPICY BOX',13.00,22.99,'L20905','st002','N',NULL,NULL,'86GX12','BOX',1,'2019-09-20 00:00:00.000','2020-12-31 00:00:00.000',16.99,'DK0101956','001','KR0101001','031146850105','02','02',1,'2020-05-28 23:44:33.330','sysadmin','2020-05-28 23:44:33.330','sysadmin')
,('DK0101961001KR0101001','st002','031146853113','농심 신 사발면 박스','SHIN BOWL BOX',13.00,22.99,'L20905','st002','N',NULL,NULL,'86GX12','BOX',1,'2019-09-20 00:00:00.000','2020-12-31 00:00:00.000',16.99,'DK0101961','001','KR0101001','031146853113','02','02',1,'2020-05-28 23:44:33.330','sysadmin','2020-05-28 23:44:33.330','sysadmin')
,('DK0101963001KR0101001','st002','031146853441','농심 김치사발면 박스','KIMCHI BOWL NOODLE SOUP BOX',13.00,22.99,'L20905','st002','N',NULL,NULL,'86GX12','BOX',1,'2019-09-20 00:00:00.000','2020-12-31 00:00:00.000',16.99,'DK0101963','001','KR0101001','031146853441','02','02',1,'2020-05-28 23:44:33.330','sysadmin','2020-05-28 23:44:33.330','sysadmin')
,('DK0102691090KR0101001','st002','8801039253397','해표 고급유 세트 ( 6호)','GIFT SET',9.33,18.99,'L21701','st002','N',NULL,NULL,'500ML * 3','BOX',0,'2017-01-26 00:00:00.000','2020-12-30 00:00:00.000',0.00,'DK0102691','090','KR0101001','8801039253397','02','02',1,'2020-05-28 23:44:33.330','sysadmin','2020-05-28 23:44:33.330','sysadmin')
,('DK0105033018KR0101001','st002','819079011578','정관장 홍삼원','RED GINSENG DRINK',25.00,49.99,'L22906','st002','G',NULL,NULL,'30*50ML','BOX',1,'2018-02-19 00:00:00.000','2020-12-31 00:00:00.000',34.99,'DK0105033','018','KR0101001','819079011578','02','02',1,'2020-05-28 23:44:33.330','sysadmin','2020-05-28 23:44:33.330','sysadmin')
,('DK0108108013KR0101001','st002','8807779085137','수페온 바디케어 3종세트','BODY CARE 3SET',9.00,39.99,'L22999','st002','B',NULL,NULL,'','EA',1,'2013-09-20 00:00:00.000','2018-12-31 00:00:00.000',9.99,'DK0108108','013','KR0101001','8807779085137','01','01',1,'2020-05-28 23:44:33.330','sysadmin','2020-05-28 23:44:33.330','sysadmin')
,('DK0105190109KR0101001','st002','8807779049030','댕기머리 기골드프리미엄세트(L)','DENGIMORI  SET(L)',52.92,139.99,'L22999','st002','B',NULL,NULL,'4*500ML,3*70ML','EA',1,'2014-09-26 00:00:00.000','2018-12-31 00:00:00.000',79.99,'DK0105190','109','KR0101001','8807779049030','01','01',1,'2020-05-28 23:44:33.330','sysadmin','2020-05-28 23:44:33.330','sysadmin')
,('DK0105190131KR0101001','st002','8807779084895','댕기머리 기골드프리미엄세트(L)','DENGIMORI  SET(L)',49.14,129.99,'L22999','st002','B',NULL,NULL,'4*500ML,3*70ML','EA',1,'2014-09-26 00:00:00.000','2018-12-31 00:00:00.000',74.99,'DK0105190','131','KR0101001','8807779084895','01','01',1,'2020-05-28 23:44:33.330','sysadmin','2020-05-28 23:44:33.330','sysadmin')
,('DK0105190134KR0101001','st002','8807779087995','댕기머리 들애수 탈모방지 샴푸세트','DENGIMORI  SET',19.00,69.99,'L22999','st002','B',NULL,NULL,'3*400ML','EA',1,'2014-04-04 00:00:00.000','2019-12-31 00:00:00.000',21.99,'DK0105190','134','KR0101001','8807779087995','01','01',1,'2020-05-28 23:44:33.330','sysadmin','2020-05-28 23:44:33.330','sysadmin')
,('DK0104023001KR0101001','st002','8801037019667','동서 맥심모카골드','MAXIM MOCHA GOLD MILD',0.00,26.99,'L22401','st002','N',NULL,NULL,'12GX100','PK',1,'2020-05-17 00:00:00.000','2025-12-31 00:00:00.000',18.99,'DK0104023','001','KR0101001','8801037019667','02','02',1,'2020-05-28 23:44:33.330','sysadmin','2020-05-28 23:44:33.330','sysadmin')
,('DK0108977KR0101001','st002','450947','맥슨 프리미엄 와이드그릴','MAXUN PREMIUM WIDE GRILL ',90.00,199.99,'L22401','st002','B',NULL,NULL,'','EA',1,'2015-11-25 00:00:00.000','2020-12-31 00:00:00.000',129.99,'DK0108','977','KR0101001','450947','13','13',1,'2020-05-28 23:44:33.330','sysadmin','2020-05-28 23:44:33.330','sysadmin')
;

INSERT INTO store (store_id, store_nm, address, city, province, postal_cd, store_open_time, telephone, is_use, reg_date, reg_person, last_mod_date, last_mod_person) VALUES
 ('st001', 'HANNAM Supermarket, Burnaby', '106-4501 North Rd', 'Burnaby', 'British Columbia', 'V3N4R7', '8:00 AM - 10:00 PM', '604-420-8856', 1, getDate(), 'sysadmin', getDate(), 'sysadmin')
,('st002', 'HANNAM Supermarket, Surrey', '#1-15357 104 Ave.', 'Surrey', 'British Columbia', 'V3R1N5', '8:00 AM - 10:00 PM', '604-580-3433', 1, getDate(), 'sysadmin', getDate(), 'sysadmin')
,('st003', 'HANNAM Supermarket, Robson', '#202 1323 Robson St.', 'Vancouver', 'British Columbia', 'V6E2B1', '9:00 AM - 11:00 PM', '604-974-9684', 1, getDate(), 'sysadmin', getDate(), 'sysadmin')
,('st004', 'HANNAM Supermarket, Langley', '6350 196 St.', 'Langley', 'British Columbia', 'V2Y1J2', '8:30 AM - 10:00 PM', '604-539-6267', 1, getDate(), 'sysadmin', getDate(), 'sysadmin');

INSERT INTO category (store_id, parent_store_id, category_cd, category_nm, category_desc, parent_category_cd, reg_date, reg_person, last_mod_date, last_mod_person) VALUES
 ('st002','st002','L000','ROOT','ROOT', '', getDate(),'sysadmin', getDate(),'sysadmin')
,('st002','st002','L101','건식품','건식품', 'L000', getDate(),'sysadmin', getDate(),'sysadmin')
,('st002','st002','L102','곡류','곡류', 'L000', getDate(),'sysadmin', getDate(),'sysadmin')
,('st002','st002','L103','과자류','과자류', 'L000', getDate(),'sysadmin', getDate(),'sysadmin')
,('st002','st002','L104','김류','김류', 'L000', getDate(),'sysadmin', getDate(),'sysadmin')
,('st002','st002','L105','김치류','김치류', 'L000', getDate(),'sysadmin', getDate(),'sysadmin')
,('st002','st002','L106','껌류','껌류', 'L000', getDate(),'sysadmin', getDate(),'sysadmin')
,('st002','st002','L107','담배','담배', 'L000', getDate(),'sysadmin', getDate(),'sysadmin')
,('st002','st002','L108','떡','떡', 'L000', getDate(),'sysadmin', getDate(),'sysadmin')
,('st002','st002','L109','라면류','라면류', 'L000', getDate(),'sysadmin', getDate(),'sysadmin')
,('st002','st002','L110','만두류','만두류', 'L000', getDate(),'sysadmin', getDate(),'sysadmin')
,('st002','st002','L111','면류','면류', 'L000', getDate(),'sysadmin', getDate(),'sysadmin')
,('st002','st002','L112','빙과류','빙과류', 'L000', getDate(),'sysadmin', getDate(),'sysadmin')
,('st002','st002','L113','빵류','빵류', 'L000', getDate(),'sysadmin', getDate(),'sysadmin')
,('st002','st002','L114','상품권','상품권', 'L000', getDate(),'sysadmin', getDate(),'sysadmin')
,('st002','st002','L115','쌀','쌀', 'L000', getDate(),'sysadmin', getDate(),'sysadmin')
,('st002','st002','L116','양념소스류','양념소스류', 'L000', getDate(),'sysadmin', getDate(),'sysadmin')
,('st002','st002','L117','오일류','오일류', 'L000', getDate(),'sysadmin', getDate(),'sysadmin')
,('st002','st002','L118','유제품','유제품', 'L000', getDate(),'sysadmin', getDate(),'sysadmin')
,('st002','st002','L119','음료수','음료수', 'L000', getDate(),'sysadmin', getDate(),'sysadmin')
,('st002','st002','L120','일반식품','일반식품', 'L000', getDate(),'sysadmin', getDate(),'sysadmin')
,('st002','st002','L121','장류','장류', 'L000', getDate(),'sysadmin', getDate(),'sysadmin')
,('st002','st002','L122','전화카드','전화카드', 'L000', getDate(),'sysadmin', getDate(),'sysadmin')
,('st002','st002','L123','즉석식품','즉석식품', 'L000', getDate(),'sysadmin', getDate(),'sysadmin')
,('st002','st002','L124','커피/차','커피/차', 'L000', getDate(),'sysadmin', getDate(),'sysadmin')
,('st002','st002','L125','통조림','통조림', 'L000', getDate(),'sysadmin', getDate(),'sysadmin')
,('st002','st002','L126','파우더','파우더', 'L000', getDate(),'sysadmin', getDate(),'sysadmin')
,('st002','st002','L127','하드웨어','하드웨어', 'L000', getDate(),'sysadmin', getDate(),'sysadmin')
,('st002','st002','L128','한남','한남', 'L000', getDate(),'sysadmin', getDate(),'sysadmin')
,('st002','st002','L129','헬스 앤 뷰티','헬스 앤 뷰티', 'L000', getDate(),'sysadmin', getDate(),'sysadmin')
,('st002','st002','L130','Dr. Bee','Dr. Bee', 'L000', getDate(),'sysadmin', getDate(),'sysadmin')
,('st002','st002','L131','G/M','G/M', 'L000', getDate(),'sysadmin', getDate(),'sysadmin')
,('st002','st002','L132','생선','생선', 'L000', getDate(),'sysadmin', getDate(),'sysadmin')
,('st002','st002','L133','반찬','반찬', 'L000', getDate(),'sysadmin', getDate(),'sysadmin')
,('st002','st002','L134','정육','정육', 'L000', getDate(),'sysadmin', getDate(),'sysadmin')
,('st002','st002','L135','야채/과일','야채/과일', 'L000', getDate(),'sysadmin', getDate(),'sysadmin')
,('st002','st002','L199','전체','전체', 'L000', getDate(),'sysadmin', getDate(),'sysadmin')
,('st002','st002','L29901','전체','전체','L199', getDate(),'sysadmin', getDate(),'sysadmin')
,('st002','st002','L20101','마른나물','마른나물','L101', getDate(),'sysadmin', getDate(),'sysadmin')
,('st002','st002','L20102','마른버섯','마른버섯','L101', getDate(),'sysadmin', getDate(),'sysadmin')
,('st002','st002','L20199','건식품 기타','건식품 기타','L101', getDate(),'sysadmin', getDate(),'sysadmin')
,('st002','st002','L20201','쌀','쌀','L102', getDate(), 'sysadmin', getDate(),'sysadmin')
,('st002','st002','L20202','깨','깨','L102', getDate(), 'sysadmin', getDate(),'sysadmin')
,('st002','st002','L20203','보리','보리','L102', getDate(), 'sysadmin', getDate(),'sysadmin')
,('st002','st002','L20204','콩','콩','L102', getDate(), 'sysadmin', getDate(),'sysadmin')
,('st002','st002','L20205','찹쌀','찹쌀','L102', getDate(), 'sysadmin', getDate(),'sysadmin')
,('st002','st002','L20206','유기농','유기농','L102', getDate(), 'sysadmin', getDate(),'sysadmin')
,('st002','st002','L20207','곡물가루','곡물가루','L102', getDate(), 'sysadmin', getDate(),'sysadmin')
,('st002','st002','L20208','잡곡','잡곡','L102', getDate(), 'sysadmin', getDate(),'sysadmin')
,('st002','st002','L20209','미숫가루','미숫가루','L102', getDate(), 'sysadmin', getDate(),'sysadmin')
,('st002','st002','L20299','기타 곡물','기타 곡물','L102', getDate(),'sysadmin', getDate(),'sysadmin')
,('st002','st002','L20301','(한국)과자','(한국)과자','L103', getDate(),'sysadmin', getDate(),'sysadmin')
,('st002','st002','L20302','(일본)과자','(일본)과자','L103', getDate(),'sysadmin', getDate(),'sysadmin')
,('st002','st002','L20303','(중국)과자','(중국)과자','L103', getDate(),'sysadmin', getDate(),'sysadmin')
,('st002','st002','L20399','과자류 기타','과자류 기타','L103', getDate(),'sysadmin', getDate(),'sysadmin')
,('st002','st002','L20401','김밥용 김','김밥용 김','L104', getDate(),'sysadmin', getDate(),'sysadmin')
,('st002','st002','L20402','도시락 김','도시락 김','L104', getDate(),'sysadmin', getDate(),'sysadmin')
,('st002','st002','L20403','전장 구운 조미김','전장 구운 조미김','L104', getDate(),'sysadmin', getDate(),'sysadmin')
,('st002','st002','L20499','김류 기타','김류 기타','L104', getDate(),'sysadmin', getDate(),'sysadmin')
,('st002','st002','L20501','김치','김치','L105', getDate(),'sysadmin', getDate(),'sysadmin')
,('st002','st002','L20599','김치류 기타','김치류 기타','L105', getDate(),'sysadmin', getDate(),'sysadmin')
,('st002','st002','L20601','(한국)껌','(한국)껌','L106', getDate(),'sysadmin', getDate(),'sysadmin')
,('st002','st002','L20602','(서양)껌','(서양)껌','L106', getDate(),'sysadmin', getDate(),'sysadmin')
,('st002','st002','L20603','(일본)껌','(일본)껌','L106', getDate(),'sysadmin', getDate(),'sysadmin')
,('st002','st002','L20699','껌류 기타','껌류 기타','L106', getDate(),'sysadmin', getDate(),'sysadmin')
,('st002','st002','L20701','담배','담배','L107', getDate(),'sysadmin', getDate(),'sysadmin')
,('st002','st002','L20799','담배 기타','담배 기타','L107', getDate(),'sysadmin', getDate(),'sysadmin')
,('st002','st002','L20801','떡국떡','떡국떡','L108', getDate(),'sysadmin', getDate(),'sysadmin')
,('st002','st002','L20802','일반떡','일반떡','L108', getDate(),'sysadmin', getDate(),'sysadmin')
,('st002','st002','L20899','떡 기타','떡 기타','L108', getDate(),'sysadmin', getDate(),'sysadmin')
,('st002','st002','L20901','라면 낱개','라면 낱개','L109', getDate(),'sysadmin', getDate(),'sysadmin')
,('st002','st002','L20902','라면 멀티','라면 멀티','L109', getDate(),'sysadmin', getDate(),'sysadmin')
,('st002','st002','L20903','라면 박스','라면 박스','L109', getDate(),'sysadmin', getDate(),'sysadmin')
,('st002','st002','L20904','컵라면','컵라면','L109', getDate(),'sysadmin', getDate(),'sysadmin')
,('st002','st002','L20905','컵라면 박스','컵라면 박스','L109', getDate(),'sysadmin', getDate(),'sysadmin')
,('st002','st002','L20999','라면류 기타','라면류 기타','L109', getDate(),'sysadmin', getDate(),'sysadmin')
,('st002','st002','L21001','(냉동)만두','(냉동)만두','L110', getDate(),'sysadmin', getDate(),'sysadmin')
,('st002','st002','L21002','JC만두','JC만두','L110', getDate(),'sysadmin', getDate(),'sysadmin')
,('st002','st002','L21099','만두류 기타','만두류 기타','L110', getDate(),'sysadmin', getDate(),'sysadmin')
,('st002','st002','L21101','건면','건면','L111', getDate(),'sysadmin', getDate(),'sysadmin')
,('st002','st002','L21102','(냉동)면','(냉동)면','L111', getDate(),'sysadmin', getDate(),'sysadmin')
,('st002','st002','L21103','(냉장)면','(냉장)면','L111', getDate(),'sysadmin', getDate(),'sysadmin')
,('st002','st002','L21104','(일본상온)면','(일본상온)면','L111', getDate(),'sysadmin', getDate(),'sysadmin')
,('st002','st002','L21105','(냉동)냉면','(냉동)냉면','L111', getDate(),'sysadmin', getDate(),'sysadmin')
,('st002','st002','L21106','건냉면','건냉면','L111', getDate(),'sysadmin', getDate(),'sysadmin')
,('st002','st002','L21107','(냉동)우동면','(냉동)우동면','L111', getDate(),'sysadmin', getDate(),'sysadmin')
,('st002','st002','L21108','(상온)우동면','(상온)우동면','L111', getDate(),'sysadmin', getDate(),'sysadmin')
,('st002','st002','L21109','당면','당면','L111', getDate(),'sysadmin', getDate(),'sysadmin')
,('st002','st002','L21110','소바면','소바면','L111', getDate(),'sysadmin', getDate(),'sysadmin')
,('st002','st002','L21199','면류 기타','면류 기타','L111', getDate(),'sysadmin', getDate(),'sysadmin')
,('st002','st002','L21201','(한국)아이스크림 낱개','(한국)아이스크림 낱개','L112', getDate(),'sysadmin', getDate(),'sysadmin')
,('st002','st002','L21202','(한국)아이스크림 박스','(한국)아이스크림 박스','L112', getDate(),'sysadmin', getDate(),'sysadmin')
,('st002','st002','L21203','(서양)아이스크림','(서양)아이스크림','L112', getDate(),'sysadmin', getDate(),'sysadmin')
,('st002','st002','L21299','빙과류 기타','빙과류 기타','L112', getDate(),'sysadmin', getDate(),'sysadmin')
,('st002','st002','L21301','(냉동)빵','(냉동)빵','L113', getDate(),'sysadmin', getDate(),'sysadmin')
,('st002','st002','L21302','식빵','식빵','L113', getDate(),'sysadmin', getDate(),'sysadmin')
,('st002','st002','L21303','카스텔라','카스텔라','L113', getDate(),'sysadmin', getDate(),'sysadmin')
,('st002','st002','L21399','빵류 기타','빵류 기타','L113', getDate(),'sysadmin', getDate(),'sysadmin')
,('st002','st002','L21401','한남상품권','한남상품권','L114', getDate(),'sysadmin', getDate(),'sysadmin')
,('st002','st002','L21499','상품권 기타','상품권 기타','L114', getDate(),'sysadmin', getDate(),'sysadmin')
,('st002','st002','L21501','쌀 10LB 미만','쌀 10LB 미만','L115', getDate(),'sysadmin', getDate(),'sysadmin')
,('st002','st002','L21502','쌀 일반','쌀 일반','L115', getDate(),'sysadmin', getDate(),'sysadmin')
,('st002','st002','L21503','쌀 기타 20LB 이상','쌀 기타 20LB 이상','L115', getDate(),'sysadmin', getDate(),'sysadmin')
,('st002','st002','L21599','쌀 기타','쌀 기타','L115', getDate(),'sysadmin', getDate(),'sysadmin')
,('st002','st002','L21601','다시다','다시다','L116', getDate(),'sysadmin', getDate(),'sysadmin')
,('st002','st002','L21602','고기소스','고기소스','L116', getDate(),'sysadmin', getDate(),'sysadmin')
,('st002','st002','L21603','양념소스','양념소스','L116', getDate(),'sysadmin', getDate(),'sysadmin')
,('st002','st002','L21604','젓갈소스','젓갈소스','L116', getDate(),'sysadmin', getDate(),'sysadmin')
,('st002','st002','L21605','(한국)식초','(한국)식초','L116', getDate(),'sysadmin', getDate(),'sysadmin')
,('st002','st002','L21606','(일본)식초','(일본)식초','L116', getDate(),'sysadmin', getDate(),'sysadmin')
,('st002','st002','L21607','맛술','맛술','L116', getDate(),'sysadmin', getDate(),'sysadmin')
,('st002','st002','L21608','물엿','물엿','L116', getDate(),'sysadmin', getDate(),'sysadmin')
,('st002','st002','L21699','양념소스류 기타','양념소스류 기타','L116', getDate(),'sysadmin', getDate(),'sysadmin')
,('st002','st002','L21701','식용유','식용유','L117', getDate(),'sysadmin', getDate(),'sysadmin')
,('st002','st002','L21702','참기름','참기름','L117', getDate(),'sysadmin', getDate(),'sysadmin')
,('st002','st002','L21799','오일류 기타','오일류 기타','L117', getDate(),'sysadmin', getDate(),'sysadmin')
,('st002','st002','L21801','우유','우유','L118', getDate(),'sysadmin', getDate(),'sysadmin')
,('st002','st002','L21802','요구르트','요구르트','L118', getDate(),'sysadmin', getDate(),'sysadmin')
,('st002','st002','L21803','두유','두유','L118', getDate(),'sysadmin', getDate(),'sysadmin')
,('st002','st002','L21804','두유 박스','두유 박스','L118', getDate(),'sysadmin', getDate(),'sysadmin')
,('st002','st002','L21899','유제품 기타','유제품 기타','L118', getDate(),'sysadmin', getDate(),'sysadmin')
,('st002','st002','L21901','주스','주스','L119', getDate(),'sysadmin', getDate(),'sysadmin')
,('st002','st002','L21902','탄산음료수','탄산음료수','L119', getDate(),'sysadmin', getDate(),'sysadmin')
,('st002','st002','L21903','드링크','드링크','L119', getDate(),'sysadmin', getDate(),'sysadmin')
,('st002','st002','L21904','생수','생수','L119', getDate(),'sysadmin', getDate(),'sysadmin')
,('st002','st002','L21905','선물용 음료수','선물용 음료수','L119', getDate(),'sysadmin', getDate(),'sysadmin')
,('st002','st002','L21999','음료수 기타','음료수 기타','L119', getDate(),'sysadmin', getDate(),'sysadmin')
,('st002','st002','L22001','고추가루','고추가루','L120', getDate(),'sysadmin', getDate(),'sysadmin')
,('st002','st002','L22002','소금','소금','L120', getDate(),'sysadmin', getDate(),'sysadmin')
,('st002','st002','L22003','설탕','설탕','L120', getDate(),'sysadmin', getDate(),'sysadmin')
,('st002','st002','L22004','단무지','단무지','L120', getDate(),'sysadmin', getDate(),'sysadmin')
,('st002','st002','L22005','두부','두부','L120', getDate(),'sysadmin', getDate(),'sysadmin')
,('st002','st002','L22006','계란','계란','L120', getDate(),'sysadmin', getDate(),'sysadmin')
,('st002','st002','L22007','미역','미역','L120', getDate(),'sysadmin', getDate(),'sysadmin')
,('st002','st002','L22008','다시마','다시마','L120', getDate(),'sysadmin', getDate(),'sysadmin')
,('st002','st002','L22009','(한국)카레','(한국)카레','L120', getDate(),'sysadmin', getDate(),'sysadmin')
,('st002','st002','L22010','(일본)카레','(일본)카레','L120', getDate(),'sysadmin', getDate(),'sysadmin')
,('st002','st002','L22011','(냉동)맛살','(냉동)맛살','L120', getDate(),'sysadmin', getDate(),'sysadmin')
,('st002','st002','L22012','(냉동)쏘세지','(냉동)쏘세지','L120', getDate(),'sysadmin', getDate(),'sysadmin')
,('st002','st002','L22013','(냉동)어묵','(냉동)어묵','L120', getDate(),'sysadmin', getDate(),'sysadmin')
,('st002','st002','L22014','(냉동)유부','(냉동)유부','L120', getDate(),'sysadmin', getDate(),'sysadmin')
,('st002','st002','L22015','(일본)유부','(일본)유부','L120', getDate(),'sysadmin', getDate(),'sysadmin')
,('st002','st002','L22016','죽제품','죽제품','L120', getDate(),'sysadmin', getDate(),'sysadmin')
,('st002','st002','L22017','꿀제품','꿀제품','L120', getDate(),'sysadmin', getDate(),'sysadmin')
,('st002','st002','L22018','깐밤','깐밤','L120', getDate(),'sysadmin', getDate(),'sysadmin')
,('st002','st002','L22019','나또','나또','L120', getDate(),'sysadmin', getDate(),'sysadmin')
,('st002','st002','L22020','(서양)건조식품','(서양)건조식품','L120', getDate(),'sysadmin', getDate(),'sysadmin')
,('st002','st002','L22021','(서양/냉동)그로서리','(서양/냉동)그로서리','L120', getDate(),'sysadmin', getDate(),'sysadmin')
,('st002','st002','L22022','(일본)그로서리','(일본)그로서리','L120', getDate(),'sysadmin', getDate(),'sysadmin')
,('st002','st002','L22023','(일본/냉장)그로서리','(일본/냉장)그로서리','L120', getDate(),'sysadmin', getDate(),'sysadmin')
,('st002','st002','L22099','일반식품 기타','일반식품 기타','L120', getDate(),'sysadmin', getDate(),'sysadmin')
,('st002','st002','L22101','(한국)간장','(한국)간장','L121', getDate(),'sysadmin', getDate(),'sysadmin')
,('st002','st002','L22102','(일본)간장','(일본)간장','L121', getDate(),'sysadmin', getDate(),'sysadmin')
,('st002','st002','L22103','고추장','고추장','L121', getDate(),'sysadmin', getDate(),'sysadmin')
,('st002','st002','L22104','고추장 벌크','고추장 벌크','L121', getDate(),'sysadmin', getDate(),'sysadmin')
,('st002','st002','L22105','된장','된장','L121', getDate(),'sysadmin', getDate(),'sysadmin')
,('st002','st002','L22106','쌈장','쌈장','L121', getDate(),'sysadmin', getDate(),'sysadmin')
,('st002','st002','L22107','미소','미소','L121', getDate(),'sysadmin', getDate(),'sysadmin')
,('st002','st002','L22108','즉석미소','즉석미소','L121', getDate(),'sysadmin', getDate(),'sysadmin')
,('st002','st002','L22199','장류 기타','장류 기타','L121', getDate(),'sysadmin', getDate(),'sysadmin')
,('st002','st002','L22201','전화카드','전화카드','L122', getDate(),'sysadmin', getDate(),'sysadmin')
,('st002','st002','L22299','전화카드 기타','전화카드 기타','L122', getDate(),'sysadmin', getDate(),'sysadmin')
,('st002','st002','L22301','햇반','햇반','L123', getDate(),'sysadmin', getDate(),'sysadmin')
,('st002','st002','L22302','즉석스프','즉석스프','L123', getDate(),'sysadmin', getDate(),'sysadmin')
,('st002','st002','L22303','(냉동)즉석식품','(냉동)즉석식품','L123', getDate(),'sysadmin', getDate(),'sysadmin')
,('st002','st002','L22304','(상온)즉석국','(상온)즉석국','L123', getDate(),'sysadmin', getDate(),'sysadmin')
,('st002','st002','L22399','즉석식품 기타','즉석식품 기타','L123', getDate(),'sysadmin', getDate(),'sysadmin')
,('st002','st002','L22401','인스턴트 커피믹스','인스턴트 커피믹스','L124', getDate(),'sysadmin', getDate(),'sysadmin')
,('st002','st002','L22402','녹차','녹차','L124', getDate(),'sysadmin', getDate(),'sysadmin')
,('st002','st002','L22403','보리차','보리차','L124', getDate(),'sysadmin', getDate(),'sysadmin')
,('st002','st002','L22498','커피 기타','커피 기타','L124', getDate(),'sysadmin', getDate(),'sysadmin')
,('st002','st002','L22499','차 기타','차 기타','L124', getDate(),'sysadmin', getDate(),'sysadmin')
,('st002','st002','L22501','스팸','스팸','L125', getDate(),'sysadmin', getDate(),'sysadmin')
,('st002','st002','L22502','참치캔','참치캔','L125', getDate(),'sysadmin', getDate(),'sysadmin')
,('st002','st002','L22503','(한국)통조림','(한국)통조림','L125', getDate(),'sysadmin', getDate(),'sysadmin')
,('st002','st002','L22504','(서양)통조림','(서양)통조림','L125', getDate(),'sysadmin', getDate(),'sysadmin')
,('st002','st002','L22505','(일본)통조림','(일본)통조림','L125', getDate(),'sysadmin', getDate(),'sysadmin')
,('st002','st002','L22599','통조림 기타','통조림 기타','L125', getDate(),'sysadmin', getDate(),'sysadmin')
,('st002','st002','L22601','밀가루','밀가루','L126', getDate(),'sysadmin', getDate(),'sysadmin')
,('st002','st002','L22699','파우더 기타','파우더 기타','L126', getDate(),'sysadmin', getDate(),'sysadmin')
,('st002','st002','L22701','딤채','딤채','L127', getDate(),'sysadmin', getDate(),'sysadmin')
,('st002','st002','L22702','쿠쿠','쿠쿠','L127', getDate(),'sysadmin', getDate(),'sysadmin')
,('st002','st002','L22703','노비타','노비타','L127', getDate(),'sysadmin', getDate(),'sysadmin')
,('st002','st002','L22704','쿠첸','쿠첸','L127', getDate(),'sysadmin', getDate(),'sysadmin')
,('st002','st002','L22705','후지트로닉','후지트로닉','L127', getDate(),'sysadmin', getDate(),'sysadmin')
,('st002','st002','L22706','보온도시락','보온도시락','L127', getDate(),'sysadmin', getDate(),'sysadmin')
,('st002','st002','L22707','보온병','보온병','L127', getDate(),'sysadmin', getDate(),'sysadmin')
,('st002','st002','L22708','도란스','도란스','L127', getDate(),'sysadmin', getDate(),'sysadmin')
,('st002','st002','L22709','건전지','건전지','L127', getDate(),'sysadmin', getDate(),'sysadmin')
,('st002','st002','L22710','비데','비데','L127', getDate(),'sysadmin', getDate(),'sysadmin')
,('st002','st002','L22799','하드웨어 기타','하드웨어 기타','L127', getDate(),'sysadmin', getDate(),'sysadmin')
,('st002','st002','L22801','Ticket','Ticket','L128', getDate(),'sysadmin', getDate(),'sysadmin')
,('st002','st002','L22802','이벤트','이벤트','L128', getDate(),'sysadmin', getDate(),'sysadmin')
,('st002','st002','L22803','스페샬','스페샬','L128', getDate(),'sysadmin', getDate(),'sysadmin')
,('st002','st002','L22804','스페샬2','스페샬2','L128', getDate(),'sysadmin', getDate(),'sysadmin')
,('st002','st002','L22805','Package','Package','L128', getDate(),'sysadmin', getDate(),'sysadmin')
,('st002','st002','L22806','사은품','사은품','L128', getDate(),'sysadmin', getDate(),'sysadmin')
,('st002','st002','L22896','한남BBY','한남BBY','L128', getDate(),'sysadmin', getDate(),'sysadmin')
,('st002','st002','L22897','한남SRY','한남SRY','L128', getDate(),'sysadmin', getDate(),'sysadmin')
,('st002','st002','L22898','한남HM','한남HM','L128', getDate(),'sysadmin', getDate(),'sysadmin')
,('st002','st002','L22899','한남 기타','한남 기타','L128', getDate(),'sysadmin', getDate(),'sysadmin')
,('st002','st002','L22901','비타민','비타민','L129', getDate(),'sysadmin', getDate(),'sysadmin')
,('st002','st002','L22902','생리대','생리대','L129', getDate(),'sysadmin', getDate(),'sysadmin')
,('st002','st002','L22903','약품','약품','L129', getDate(),'sysadmin', getDate(),'sysadmin')
,('st002','st002','L22904','염색약','염색약','L129', getDate(),'sysadmin', getDate(),'sysadmin')
,('st002','st002','L22905','마스크팩','마스크팩','L129', getDate(),'sysadmin', getDate(),'sysadmin')
,('st002','st002','L22906','홍삼제품','홍삼제품','L129', getDate(),'sysadmin', getDate(),'sysadmin')
,('st002','st002','L22907','건강식품','건강식품','L129', getDate(),'sysadmin', getDate(),'sysadmin')
,('st002','st002','L22999','헬스 앤 뷰티 기타','헬스 앤 뷰티 기타','L129', getDate(),'sysadmin', getDate(),'sysadmin')
,('st002','st002','L23001','Dr. Bee','Dr. Bee','L130', getDate(),'sysadmin', getDate(),'sysadmin')
,('st002','st002','L23101','가스레인지','가스레인지','L131', getDate(),'sysadmin', getDate(),'sysadmin')
,('st002','st002','L23102','고무장갑','고무장갑','L131', getDate(),'sysadmin', getDate(),'sysadmin')
,('st002','st002','L23103','나무젓가락','나무젓가락','L131', getDate(),'sysadmin', getDate(),'sysadmin')
,('st002','st002','L23104','냄비','냄비','L131', getDate(),'sysadmin', getDate(),'sysadmin')
,('st002','st002','L23105','락앤락','락앤락','L131', getDate(),'sysadmin', getDate(),'sysadmin')
,('st002','st002','L23106','반찬통','반찬통','L131', getDate(),'sysadmin', getDate(),'sysadmin')
,('st002','st002','L23107','부탄가스','부탄가스','L131', getDate(),'sysadmin', getDate(),'sysadmin')
,('st002','st002','L23108','불판','불판','L131', getDate(),'sysadmin', getDate(),'sysadmin')
,('st002','st002','L23109','일회용 접시','일회용 접시','L131', getDate(),'sysadmin', getDate(),'sysadmin')
,('st002','st002','L23110','일회용 컵','일회용 컵','L131', getDate(),'sysadmin', getDate(),'sysadmin')
,('st002','st002','L23111','후라이팬','후라이팬','L131', getDate(),'sysadmin', getDate(),'sysadmin')
,('st002','st002','L23112','세제류','세제류','L131', getDate(),'sysadmin', getDate(),'sysadmin')
,('st002','st002','L23113','치약','치약','L131', getDate(),'sysadmin', getDate(),'sysadmin')
,('st002','st002','L23114','칫솔','칫솔','L131', getDate(),'sysadmin', getDate(),'sysadmin')
,('st002','st002','L23115','휴지','휴지','L131', getDate(),'sysadmin', getDate(),'sysadmin')
,('st002','st002','L23116','낫','낫','L131', getDate(),'sysadmin', getDate(),'sysadmin')
,('st002','st002','L23117','문구류','문구류','L131', getDate(),'sysadmin', getDate(),'sysadmin')
,('st002','st002','L23118','슬리퍼','슬리퍼','L131', getDate(),'sysadmin', getDate(),'sysadmin')
,('st002','st002','L23119','우산','우산','L131', getDate(),'sysadmin', getDate(),'sysadmin')
,('st002','st002','L23120','좀약','좀약','L131', getDate(),'sysadmin', getDate(),'sysadmin')
,('st002','st002','L23121','호미','호미','L131', getDate(),'sysadmin', getDate(),'sysadmin')
,('st002','st002','L23122','BBQ용품','BBQ용품','L131', getDate(),'sysadmin', getDate(),'sysadmin')
,('st002','st002','L23123','MAP','MAP','L131', getDate(),'sysadmin', getDate(),'sysadmin')
,('st002','st002','L23199','G/M 기타','G/M 기타','L131', getDate(),'sysadmin', getDate(),'sysadmin')
,('st002','st002','L23201','생선','생선','L132', getDate(),'sysadmin', getDate(),'sysadmin')
,('st002','st002','L23202','어패','어패','L132', getDate(),'sysadmin', getDate(),'sysadmin')
,('st002','st002','L23203','건어물','건어물','L132', getDate(),'sysadmin', getDate(),'sysadmin')
,('st002','st002','L23204','해조','해조','L132', getDate(),'sysadmin', getDate(),'sysadmin')
,('st002','st002','L23205','알','알','L132', getDate(),'sysadmin', getDate(),'sysadmin')
,('st002','st002','L23206','반건조자반','반건조자반','L132', getDate(),'sysadmin', getDate(),'sysadmin')
,('st002','st002','L23207','절단','절단','L132', getDate(),'sysadmin', getDate(),'sysadmin')
,('st002','st002','L23208','토막','토막','L132', getDate(),'sysadmin', getDate(),'sysadmin')
,('st002','st002','L23209','횟감','횟감','L132', getDate(),'sysadmin', getDate(),'sysadmin')
,('st002','st002','L23210','매운탕Set','매운탕Set','L132', getDate(),'sysadmin', getDate(),'sysadmin')
,('st002','st002','L23299','생선 기타','생선 기타','L132', getDate(),'sysadmin', getDate(),'sysadmin')
,('st002','st002','L23301','김치','김치','L133', getDate(),'sysadmin', getDate(),'sysadmin')
,('st002','st002','L23302','전','전','L133', getDate(),'sysadmin', getDate(),'sysadmin')
,('st002','st002','L23303','김밥','김밥','L133', getDate(),'sysadmin', getDate(),'sysadmin')
,('st002','st002','L23304','스시','스시','L133', getDate(),'sysadmin', getDate(),'sysadmin')
,('st002','st002','L23305','양념고기','양념고기','L133', getDate(),'sysadmin', getDate(),'sysadmin')
,('st002','st002','L23306','찌게Set','찌게Set','L133', getDate(),'sysadmin', getDate(),'sysadmin')
,('st002','st002','L23307','전골Set','전골Set','L133', getDate(),'sysadmin', getDate(),'sysadmin')
,('st002','st002','L23308','탕Set','탕Set','L133', getDate(),'sysadmin', getDate(),'sysadmin')
,('st002','st002','L23309','볶음반찬','볶음반찬','L133', getDate(),'sysadmin', getDate(),'sysadmin')
,('st002','st002','L23310','장아치','장아치','L133', getDate(),'sysadmin', getDate(),'sysadmin')
,('st002','st002','L23311','무침','무침','L133', getDate(),'sysadmin', getDate(),'sysadmin')
,('st002','st002','L23312','나물','나물','L133', getDate(),'sysadmin', getDate(),'sysadmin')
,('st002','st002','L23313','젓갈','젓갈','L133', getDate(),'sysadmin', getDate(),'sysadmin')
,('st002','st002','L23314','떡','떡','L133', getDate(),'sysadmin', getDate(),'sysadmin')
,('st002','st002','L23315','밥','밥','L133', getDate(),'sysadmin', getDate(),'sysadmin')
,('st002','st002','L23316','죽','죽','L133', getDate(),'sysadmin', getDate(),'sysadmin')
,('st002','st002','L23317','묵','묵','L133', getDate(),'sysadmin', getDate(),'sysadmin')
,('st002','st002','L23318','떡볶이','떡볶이','L133', getDate(),'sysadmin', getDate(),'sysadmin')
,('st002','st002','L23319','튀김','튀김','L133', getDate(),'sysadmin', getDate(),'sysadmin')
,('st002','st002','L23320','순대','순대','L133', getDate(),'sysadmin', getDate(),'sysadmin')
,('st002','st002','L23321','잡채','잡채','L133', getDate(),'sysadmin', getDate(),'sysadmin')
,('st002','st002','L23322','족발','족발','L133', getDate(),'sysadmin', getDate(),'sysadmin')
,('st002','st002','L23323','생선가스','생선가스','L133', getDate(),'sysadmin', getDate(),'sysadmin')
,('st002','st002','L23324','돈가스','돈가스','L133', getDate(),'sysadmin', getDate(),'sysadmin')
,('st002','st002','L23325','음료','음료','L133', getDate(),'sysadmin', getDate(),'sysadmin')
,('st002','st002','L23326','도시락','도시락','L133', getDate(),'sysadmin', getDate(),'sysadmin')
,('st002','st002','L23327','절인배추','절인배추','L133', getDate(),'sysadmin', getDate(),'sysadmin')
,('st002','st002','L23399','반찬 기타','반찬 기타','L133', getDate(),'sysadmin', getDate(),'sysadmin')
,('st002','st002','L23401','돼지고기','돼지고기','L134', getDate(),'sysadmin', getDate(),'sysadmin')
,('st002','st002','L23402','소고기','소고기','L134', getDate(),'sysadmin', getDate(),'sysadmin')
,('st002','st002','L23403','뼈고기','뼈고기','L134', getDate(),'sysadmin', getDate(),'sysadmin')
,('st002','st002','L23404','닭고기','닭고기','L134', getDate(),'sysadmin', getDate(),'sysadmin')
,('st002','st002','L23499','정육 기타','정육 기타','L134', getDate(),'sysadmin', getDate(),'sysadmin')
,('st002','st002','L23501','(한국)과일','(한국)과일','L135', getDate(),'sysadmin', getDate(),'sysadmin')
,('st002','st002','L23502','(한국)배','(한국)배','L135', getDate(),'sysadmin', getDate(),'sysadmin')
,('st002','st002','L23503','(한국)배추','(한국)배추','L135', getDate(),'sysadmin', getDate(),'sysadmin')
,('st002','st002','L23504','(한국)무우','(한국)무우','L135', getDate(),'sysadmin', getDate(),'sysadmin')
,('st002','st002','L23505','(한국)야채','(한국)야채','L135', getDate(),'sysadmin', getDate(),'sysadmin')
,('st002','st002','L23506','(일본)야채','(일본)야채','L135', getDate(),'sysadmin', getDate(),'sysadmin')
,('st002','st002','L23507','(서양)과일','(서양)과일','L135', getDate(),'sysadmin', getDate(),'sysadmin')
,('st002','st002','L23508','(서양)야채','(서양)야채','L135', getDate(),'sysadmin', getDate(),'sysadmin')
,('st002','st002','L23509','(중국)야채','(중국)야채','L135', getDate(),'sysadmin', getDate(),'sysadmin')
,('st002','st002','L23598','야채 기타','야채 기타','L135', getDate(),'sysadmin', getDate(),'sysadmin')
,('st002','st002','L23599','과일 기타','과일 기타','L135', getDate(),'sysadmin', getDate(),'sysadmin')
,('st002','st002','L20108','기타','기타','L101', getDate(),'sysadmin', getDate(),'sysadmin');

INSERT INTO customer (account_id,customer_nm,customer_email,customer_phone_number,customer_gender,customer_kr_nm,customer_en_nm,customer_lang_cd,membership_no,reg_date,reg_person,last_mod_date,last_mod_person) VALUES
 ('1006','customer_nm1006','1006_email@gmail.com','123-123-1234','mail','이름1006','en_name1006','kr',1234,getDate(),'sysadmin',getDate(),'sysadmin')
,('9000','customer_nm9000','9000_email@gmail.com','123-123-1235','mail','이름9000','en_name9000','kr',1235,getDate(),'sysadmin',getDate(),'sysadmin')
,('9001','customer_nm9001','9001_email@gmail.com','123-123-1236','mail','이름9001','en_name9001','en',1236,getDate(),'sysadmin',getDate(),'sysadmin');

INSERT INTO pickup_timeslot (slot_dt,slot_time,allocation_qty,completion_qty,store_id,reg_date,reg_person,last_mod_date,last_mod_person) VALUES
 ('2020-07-01','09:00:00',10,0,'st002',getDate(),'sysadmin',getDate(),'sysadmin')
,('2020-07-01','10:00:00',10,0,'st002',getDate(),'sysadmin',getDate(),'sysadmin')
,('2020-07-01','11:00:00',10,0,'st002',getDate(),'sysadmin',getDate(),'sysadmin')
,('2020-07-01','12:00:00',10,0,'st002',getDate(),'sysadmin',getDate(),'sysadmin')
,('2020-07-01','13:00:00',10,0,'st002',getDate(),'sysadmin',getDate(),'sysadmin')
,('2020-07-01','14:00:00',10,0,'st002',getDate(),'sysadmin',getDate(),'sysadmin')
,('2020-07-01','15:00:00',10,0,'st002',getDate(),'sysadmin',getDate(),'sysadmin')
,('2020-07-01','16:00:00',10,0,'st002',getDate(),'sysadmin',getDate(),'sysadmin')
,('2020-07-01','17:00:00',10,0,'st002',getDate(),'sysadmin',getDate(),'sysadmin')
,('2020-07-01','18:00:00',10,0,'st002',getDate(),'sysadmin',getDate(),'sysadmin')
,('2020-07-01','19:00:00',10,0,'st002',getDate(),'sysadmin',getDate(),'sysadmin')
,('2020-07-01','20:00:00',10,0,'st002',getDate(),'sysadmin',getDate(),'sysadmin')
,('2020-07-01','21:00:00',10,0,'st002',getDate(),'sysadmin',getDate(),'sysadmin')
,('2020-07-01','22:00:00',10,0,'st002',getDate(),'sysadmin',getDate(),'sysadmin')
,('2020-07-02','09:00:00',10,0,'st002',getDate(),'sysadmin',getDate(),'sysadmin')
,('2020-07-02','10:00:00',10,0,'st002',getDate(),'sysadmin',getDate(),'sysadmin')
,('2020-07-02','11:00:00',10,0,'st002',getDate(),'sysadmin',getDate(),'sysadmin')
,('2020-07-02','12:00:00',10,0,'st002',getDate(),'sysadmin',getDate(),'sysadmin')
,('2020-07-02','13:00:00',10,0,'st002',getDate(),'sysadmin',getDate(),'sysadmin')
,('2020-07-02','14:00:00',10,0,'st002',getDate(),'sysadmin',getDate(),'sysadmin')
,('2020-07-02','15:00:00',10,0,'st002',getDate(),'sysadmin',getDate(),'sysadmin')
,('2020-07-02','16:00:00',10,0,'st002',getDate(),'sysadmin',getDate(),'sysadmin')
,('2020-07-02','17:00:00',10,0,'st002',getDate(),'sysadmin',getDate(),'sysadmin')
,('2020-07-02','18:00:00',10,0,'st002',getDate(),'sysadmin',getDate(),'sysadmin')
,('2020-07-02','19:00:00',10,0,'st002',getDate(),'sysadmin',getDate(),'sysadmin')
,('2020-07-02','20:00:00',10,0,'st002',getDate(),'sysadmin',getDate(),'sysadmin')
,('2020-07-02','21:00:00',10,0,'st002',getDate(),'sysadmin',getDate(),'sysadmin')
,('2020-07-02','22:00:00',10,0,'st002',getDate(),'sysadmin',getDate(),'sysadmin')
,('2020-07-03','09:00:00',10,0,'st002',getDate(),'sysadmin',getDate(),'sysadmin')
,('2020-07-03','10:00:00',10,0,'st002',getDate(),'sysadmin',getDate(),'sysadmin')
,('2020-07-03','11:00:00',10,0,'st002',getDate(),'sysadmin',getDate(),'sysadmin')
,('2020-07-03','12:00:00',10,0,'st002',getDate(),'sysadmin',getDate(),'sysadmin')
,('2020-07-03','13:00:00',10,0,'st002',getDate(),'sysadmin',getDate(),'sysadmin')
,('2020-07-03','14:00:00',10,0,'st002',getDate(),'sysadmin',getDate(),'sysadmin')
,('2020-07-03','15:00:00',10,0,'st002',getDate(),'sysadmin',getDate(),'sysadmin')
,('2020-07-03','16:00:00',10,0,'st002',getDate(),'sysadmin',getDate(),'sysadmin')
,('2020-07-03','17:00:00',10,0,'st002',getDate(),'sysadmin',getDate(),'sysadmin')
,('2020-07-03','18:00:00',10,0,'st002',getDate(),'sysadmin',getDate(),'sysadmin')
,('2020-07-03','19:00:00',10,0,'st002',getDate(),'sysadmin',getDate(),'sysadmin')
,('2020-07-03','20:00:00',10,0,'st002',getDate(),'sysadmin',getDate(),'sysadmin')
,('2020-07-03','21:00:00',10,0,'st002',getDate(),'sysadmin',getDate(),'sysadmin')
,('2020-07-03','22:00:00',10,0,'st002',getDate(),'sysadmin',getDate(),'sysadmin')
,('2020-07-04','09:00:00',10,0,'st002',getDate(),'sysadmin',getDate(),'sysadmin')
,('2020-07-04','10:00:00',10,0,'st002',getDate(),'sysadmin',getDate(),'sysadmin')
,('2020-07-04','11:00:00',10,0,'st002',getDate(),'sysadmin',getDate(),'sysadmin')
,('2020-07-04','12:00:00',10,0,'st002',getDate(),'sysadmin',getDate(),'sysadmin')
,('2020-07-04','13:00:00',10,0,'st002',getDate(),'sysadmin',getDate(),'sysadmin')
,('2020-07-04','14:00:00',10,0,'st002',getDate(),'sysadmin',getDate(),'sysadmin')
,('2020-07-04','15:00:00',10,0,'st002',getDate(),'sysadmin',getDate(),'sysadmin')
,('2020-07-04','16:00:00',10,0,'st002',getDate(),'sysadmin',getDate(),'sysadmin')
,('2020-07-04','17:00:00',10,0,'st002',getDate(),'sysadmin',getDate(),'sysadmin')
,('2020-07-04','18:00:00',10,0,'st002',getDate(),'sysadmin',getDate(),'sysadmin')
,('2020-07-04','19:00:00',10,0,'st002',getDate(),'sysadmin',getDate(),'sysadmin')
,('2020-07-04','20:00:00',10,0,'st002',getDate(),'sysadmin',getDate(),'sysadmin')
,('2020-07-04','21:00:00',10,0,'st002',getDate(),'sysadmin',getDate(),'sysadmin')
,('2020-07-04','22:00:00',10,0,'st002',getDate(),'sysadmin',getDate(),'sysadmin')
,('2020-07-05','09:00:00',10,0,'st002',getDate(),'sysadmin',getDate(),'sysadmin')
,('2020-07-05','10:00:00',10,0,'st002',getDate(),'sysadmin',getDate(),'sysadmin')
,('2020-07-05','11:00:00',10,0,'st002',getDate(),'sysadmin',getDate(),'sysadmin')
,('2020-07-05','12:00:00',10,0,'st002',getDate(),'sysadmin',getDate(),'sysadmin')
,('2020-07-05','13:00:00',10,0,'st002',getDate(),'sysadmin',getDate(),'sysadmin')
,('2020-07-05','14:00:00',10,0,'st002',getDate(),'sysadmin',getDate(),'sysadmin')
,('2020-07-05','15:00:00',10,0,'st002',getDate(),'sysadmin',getDate(),'sysadmin')
,('2020-07-05','16:00:00',10,0,'st002',getDate(),'sysadmin',getDate(),'sysadmin')
,('2020-07-05','17:00:00',10,0,'st002',getDate(),'sysadmin',getDate(),'sysadmin')
,('2020-07-05','18:00:00',10,0,'st002',getDate(),'sysadmin',getDate(),'sysadmin')
,('2020-07-05','19:00:00',10,0,'st002',getDate(),'sysadmin',getDate(),'sysadmin')
,('2020-07-05','20:00:00',10,0,'st002',getDate(),'sysadmin',getDate(),'sysadmin')
,('2020-07-05','21:00:00',10,0,'st002',getDate(),'sysadmin',getDate(),'sysadmin')
,('2020-07-05','22:00:00',10,0,'st002',getDate(),'sysadmin',getDate(),'sysadmin')
,('2020-07-06','09:00:00',10,0,'st002',getDate(),'sysadmin',getDate(),'sysadmin')
,('2020-07-06','10:00:00',10,0,'st002',getDate(),'sysadmin',getDate(),'sysadmin')
,('2020-07-06','11:00:00',10,0,'st002',getDate(),'sysadmin',getDate(),'sysadmin')
,('2020-07-06','12:00:00',10,0,'st002',getDate(),'sysadmin',getDate(),'sysadmin')
,('2020-07-06','13:00:00',10,0,'st002',getDate(),'sysadmin',getDate(),'sysadmin')
,('2020-07-06','14:00:00',10,0,'st002',getDate(),'sysadmin',getDate(),'sysadmin')
,('2020-07-06','15:00:00',10,0,'st002',getDate(),'sysadmin',getDate(),'sysadmin')
,('2020-07-06','16:00:00',10,0,'st002',getDate(),'sysadmin',getDate(),'sysadmin')
,('2020-07-06','17:00:00',10,0,'st002',getDate(),'sysadmin',getDate(),'sysadmin')
,('2020-07-06','18:00:00',10,0,'st002',getDate(),'sysadmin',getDate(),'sysadmin')
,('2020-07-06','19:00:00',10,0,'st002',getDate(),'sysadmin',getDate(),'sysadmin')
,('2020-07-06','20:00:00',10,0,'st002',getDate(),'sysadmin',getDate(),'sysadmin')
,('2020-07-06','21:00:00',10,0,'st002',getDate(),'sysadmin',getDate(),'sysadmin')
,('2020-07-06','22:00:00',10,0,'st002',getDate(),'sysadmin',getDate(),'sysadmin')
;


INSERT INTO tblEncorp (ReturnType,Code,EncorpSectionKor,EncorpSection,EncorpSize,ConNumber,DepositValue,RecyclingFee,TotalFee) VALUES
('55','32101','플라스틱 병','Plastic, PET','0-1L',1,0.05,0.03,0.08)
,('56','32201','플라스틱 병','Plastic, PET','>1L',1,0.2,0.04,0.24)
,('57','32301','플라스틱 병','Plastic, HDPE/PVC','0-1L',1,0.05,0.01,0.06)
,('58','32401','플라스틱 병','Plastic, HDPE/PVC','>1L',1,0.2,0.04,0.24)
,('59','33101','유리병','Glass','0-500ml',1,0.05,0.04,0.09)
,('60','33201','유리병','Glass','501ml-1L',1,0.05,0.04,0.09)
,('61','33301','유리병','Glass','>1L',1,0.2,0.05,0.25)
,('62','34101','캔','Bi-Metal','0-1L',1,0.05,0.0,0.05)
,('64','35101','종이팩','Drink Box','0-500ml',1,0.05,0.0,0.05)
,('65','35201','종이팩','Drink Box','501ml-1L',1,0.05,0.04,0.09)
,('66','35301','종이팩','Drink Box','>1L',1,0.2,0.0,0.2)
,('67','35103','종이팩','Drink Box','0-500ml',3,0.05,0.0,0.15)
,('68','35105','종이팩','Drink Box','0-500ml',5,0.05,0.0,0.25)
,('69','35124','종이팩','Drink Box','0-500ml',24,0.05,0.0,1.2)
,('70','36101','상자','Bang-in-a-Box','>1L',1,0.2,0.0,0.2)
,('71','37101','종이팩','Gable Top','0-500ml',1,0.05,0.0,0.05)
,('72','37201','종이팩','Gable Top','501ml-1L',1,0.05,0.0,0.05)
,('73','37301','종이팩','Gable Top','>1L',1,0.2,0.0,0.2)
,('74','38101','음료주머니','Drink Pouch, Pouch','0-1L',1,0.05,0.0,0.05)
,('75','38201','음료주머니','Drink Pouch, Poly Cup','',1,0.05,0.01,0.06)
,('76','32112','플라스틱 병','Plastic, PET','0-1L',12,0.05,0.03,0.96)
,('77','32106','플라스틱 병','Plastic, PET','0-1L',6,0.05,0.03,0.48)
,('78','32104','플라스틱 병','Plastic, PET','0-1L',4,0.05,0.03,0.32)
,('79','32108','플라스틱 병','Plastic, PET','0-1L',8,0.05,0.03,0.64)
,('80','33104','유리병','Glass','0-500ml',4,0.05,0.04,0.36)
,('81','33204','유리병','Glass','501ml-1L',4,0.05,0.04,0.36)
,('82','31108','알루미늄 캔','Aluminum','0-1L',8,0.05,0.01,0.48)
,('83','32124','플라스틱 병','Plastic, PET','0-1L',24,0.05,0.03,1.92)
,('84','32135','플라스틱 병','Plastic, PET','0-1L',35,0.05,0.03,2.8)
,('85','32136','종이팩','Drink Box','0-500ml',10,0.05,0.0,0.5)
;

INSERT INTO mfProdEco (ReturnType,EcoSection,EcoFee) VALUES
('101','Rice Cooker',1.25)
,('102','Air Treatment',2.25)
,('103','Vaccum',5.25)
,('104','ELECTRIC ICE SHAVER',0.75)
,('105','AA Batteries',0.2)
,('106','AAA Batteries',0.16)
,('107','EHF(Heating appliance)',0.8)
;
